DATETIME,Predicted_TEMP(C),humidity,pressure,rainfall,windspeed
2025-06-08 00:00:00,20.66136773,85.8,1006.3,0.0,3.36
2025-06-08 00:15:00,20.93888075,94.7,1007.4,1.0,4.78
2025-06-08 00:30:00,20.72619835,71.0,1007.7,0.0,4.31
2025-06-08 00:45:00,20.02267524,74.2,1006.6,0.0,4.23
2025-06-08 01:00:00,20.05548149,74.5,1009.7,0.0,5.57
2025-06-08 01:15:00,21.47120773,81.2,1007.4,0.0,3.5
2025-06-08 01:30:00,20.61520865,71.0,1007.6,0.5,4.79
2025-06-08 01:45:00,20.54902071,81.9,1006.7,0.5,5.47
2025-06-08 02:00:00,20.2641305,93.2,1006.9,0.5,5.14
2025-06-08 02:15:00,22.43050084,70.3,1009.4,0.0,5.95
2025-06-08 02:30:00,20.49413029,79.1,1007.3,0.0,3.01
2025-06-08 02:45:00,22.10562008,89.0,1007.3,4.0,5.65
2025-06-08 03:00:00,22.01890979,73.9,1007.4,0.0,4.84
2025-06-08 03:15:00,22.29340945,71.9,1006.3,0.0,3.01
2025-06-08 03:30:00,21.26121361,85.8,1004.2,0.5,4.4
2025-06-08 03:45:00,20.6589494,70.2,1010.1,0.0,5.3
2025-06-08 04:00:00,20.28986337,90.0,1009.1,0.0,3.55
2025-06-08 04:15:00,21.84888623,71.7,1009.5,0.0,5.04
2025-06-08 04:30:00,22.54505362,83.1,1004.9,0.0,3.42
2025-06-08 04:45:00,21.98163311,88.5,1009.9,0.5,5.41
2025-06-08 05:00:00,21.04294087,76.1,1010.9,0.0,4.71
2025-06-08 05:15:00,22.22862102,72.6,1009.1,0.0,3.1
2025-06-08 05:30:00,20.19038051,74.4,1010.3,0.5,3.27
2025-06-08 05:45:00,22.23042063,91.4,1008.6,2.0,5.59
2025-06-08 06:00:00,21.84610473,87.6,1005.3,1.0,3.1
2025-06-08 06:15:00,21.57552091,75.0,1008.0,1.0,3.9
2025-06-08 06:30:00,21.9112414,87.9,1005.0,0.0,4.7
2025-06-08 06:45:00,21.53730447,87.7,1005.8,2.0,3.64
2025-06-08 07:00:00,20.19969413,94.9,1007.6,0.5,3.67
2025-06-08 07:15:00,22.26810281,79.8,1007.4,1.0,5.33
2025-06-08 07:30:00,20.2176355,91.6,1007.9,0.0,3.87
2025-06-08 07:45:00,20.36663413,81.2,1003.4,0.0,3.12
2025-06-08 08:00:00,20.47415985,92.4,1006.7,0.0,5.16
2025-06-08 08:15:00,21.35817443,72.3,1008.1,1.0,5.86
2025-06-08 08:30:00,22.24005697,74.4,1008.5,0.0,5.5
2025-06-08 08:45:00,22.51788231,91.2,1008.6,1.0,4.65
2025-06-08 09:00:00,21.60027636,90.5,1007.5,0.0,4.27
2025-06-08 09:15:00,23.32146399,77.6,1006.2,0.0,5.78
2025-06-08 09:30:00,23.82768658,84.9,1008.0,0.5,5.3
2025-06-08 09:45:00,22.93876127,79.6,1006.4,0.5,4.71
2025-06-08 10:00:00,25.77809246,70.3,1008.8,0.0,5.64
2025-06-08 10:15:00,24.99644487,70.7,1007.9,1.0,4.81
2025-06-08 10:30:00,26.7344595,71.4,1006.9,1.0,5.92
2025-06-08 10:45:00,26.07861025,84.9,1005.5,0.0,5.57
2025-06-08 11:00:00,27.3074594,77.0,1009.2,1.0,4.65
2025-06-08 11:15:00,27.78016088,73.6,1008.1,0.0,5.77
2025-06-08 11:30:00,28.68753572,93.5,1011.2,0.5,4.03
2025-06-08 11:45:00,28.27483284,73.0,1008.1,0.0,5.1
2025-06-08 12:00:00,28.31788511,86.8,1008.2,0.0,3.51
2025-06-08 12:15:00,30.44754114,92.4,1004.1,0.0,5.69
2025-06-08 12:30:00,29.97128654,74.1,1007.6,0.0,3.74
2025-06-08 12:45:00,30.13659925,75.4,1006.4,0.0,5.85
2025-06-08 13:00:00,30.95201256,84.3,1008.7,0.0,3.05
2025-06-08 13:15:00,31.03882637,82.7,1007.7,0.0,5.05
2025-06-08 13:30:00,31.45439172,83.0,1009.0,0.0,3.45
2025-06-08 13:45:00,31.21427033,83.9,1011.3,0.0,5.31
2025-06-08 14:00:00,30.39595561,93.7,1005.4,0.0,4.48
2025-06-08 14:15:00,30.22517354,71.3,1008.9,0.0,5.73
2025-06-08 14:30:00,28.72461419,89.0,1008.4,0.0,5.15
2025-06-08 14:45:00,30.85320377,75.8,1011.0,0.0,5.3
2025-06-08 15:00:00,28.4698334,79.3,1008.4,2.0,3.36
2025-06-08 15:15:00,29.12864499,72.2,1008.2,0.0,3.29
2025-06-08 15:30:00,27.4458689,81.1,1008.7,0.0,5.55
2025-06-08 15:45:00,28.00558054,90.1,1008.8,0.0,3.68
2025-06-08 16:00:00,26.59884984,72.5,1009.9,0.0,5.6
2025-06-08 16:15:00,27.06680818,76.9,1005.4,0.0,3.43
2025-06-08 16:30:00,24.75948135,79.3,1006.2,0.5,3.93
2025-06-08 16:45:00,26.61474836,72.6,1010.5,0.0,5.79
2025-06-08 17:00:00,26.04430623,89.1,1003.1,0.0,5.52
2025-06-08 17:15:00,24.93299978,89.7,1006.8,0.0,3.16
2025-06-08 17:30:00,24.03070495,90.9,1007.3,0.0,4.34
2025-06-08 17:45:00,25.08008304,84.6,1006.6,0.0,5.73
2025-06-08 18:00:00,25.54692752,82.7,1010.2,0.0,3.04
2025-06-08 18:15:00,24.9294238,76.6,1008.0,1.0,3.32
2025-06-08 18:30:00,25.78601294,86.4,1006.2,0.5,4.94
2025-06-08 18:45:00,24.46198007,81.1,1005.7,1.0,3.31
2025-06-08 19:00:00,25.76678135,94.3,1007.6,0.0,4.35
2025-06-08 19:15:00,27.15782344,94.2,1009.3,0.0,4.52
2025-06-08 19:30:00,26.35264463,92.6,1007.3,0.0,5.58
2025-06-08 19:45:00,25.9313154,79.0,1006.7,1.0,5.87
2025-06-08 20:00:00,26.3760709,79.2,1005.6,0.0,4.54
2025-06-08 20:15:00,25.61439295,91.3,1007.7,0.0,4.53
2025-06-08 20:30:00,26.73573246,88.2,1007.6,0.0,5.18
2025-06-08 20:45:00,26.9269886,87.6,1005.6,0.0,3.58
2025-06-08 21:00:00,26.02133362,77.0,1009.1,0.5,5.82
2025-06-08 21:15:00,25.40441813,90.8,1010.4,0.0,3.0
2025-06-08 21:30:00,25.78622284,84.5,1007.1,0.0,3.01
2025-06-08 21:45:00,26.04322963,81.2,1007.6,0.5,4.88
2025-06-08 22:00:00,24.17886397,91.6,1004.8,0.5,4.02
2025-06-08 22:15:00,22.86705461,79.9,1008.5,2.0,4.19
2025-06-08 22:30:00,22.54852318,86.3,1007.9,0.0,3.66
2025-06-08 22:45:00,22.98174752,81.6,1006.3,0.0,4.22
2025-06-08 23:00:00,22.4789511,84.8,1005.5,0.0,5.48
2025-06-08 23:15:00,22.49134219,71.0,1010.7,0.0,5.1
2025-06-08 23:30:00,21.74581751,81.5,1007.8,1.0,3.28
2025-06-08 23:45:00,20.56653103,83.9,1005.2,0.5,3.17
2025-06-09 00:00:00,21.42911173,82.3,1008.7,0.0,4.52
2025-06-09 00:15:00,20.15825052,91.2,1007.5,0.0,5.19
2025-06-09 00:30:00,20.41901526,77.8,1007.1,1.0,4.99
2025-06-09 00:45:00,20.34177865,92.1,1009.0,0.0,5.59
2025-06-09 01:00:00,20.62265843,80.1,1001.8,0.0,3.4
2025-06-09 01:15:00,21.29959607,87.4,1003.4,2.0,4.82
2025-06-09 01:30:00,22.99714472,72.2,1009.8,0.0,5.3
2025-06-09 01:45:00,20.65028103,75.0,1006.7,0.5,5.81
2025-06-09 02:00:00,20.33218673,89.0,1006.1,0.5,3.3
2025-06-09 02:15:00,20.91364323,70.3,1004.3,2.0,3.72
2025-06-09 02:30:00,20.14664635,94.2,1007.4,0.0,4.06
2025-06-09 02:45:00,20.7917634,74.8,1007.6,4.0,4.62
2025-06-09 03:00:00,20.57927202,92.5,1009.9,0.0,4.23
2025-06-09 03:15:00,21.20379539,82.9,1007.7,0.0,5.58
2025-06-09 03:30:00,22.50063489,84.1,1006.4,0.0,5.85
2025-06-09 03:45:00,20.26987669,72.1,1007.8,0.0,3.21
2025-06-09 04:00:00,21.65728335,79.1,1009.2,2.0,5.1
2025-06-09 04:15:00,22.1929486,73.9,1008.8,0.5,3.34
2025-06-09 04:30:00,22.36984369,83.1,1008.2,0.0,5.69
2025-06-09 04:45:00,20.03140738,83.8,1007.5,0.0,3.43
2025-06-09 05:00:00,22.80689542,87.7,1005.8,0.0,5.97
2025-06-09 05:15:00,21.55158939,92.0,1004.9,0.0,4.28
2025-06-09 05:30:00,21.02923692,81.7,1004.6,0.0,4.15
2025-06-09 05:45:00,22.79760886,75.8,1007.8,0.5,4.76
2025-06-09 06:00:00,22.29555969,78.3,1008.0,0.5,4.18
2025-06-09 06:15:00,21.54574342,91.2,1009.2,0.0,3.7
2025-06-09 06:30:00,21.44601525,73.6,1008.1,0.0,4.89
2025-06-09 06:45:00,22.05828874,85.7,1009.1,0.5,5.19
2025-06-09 07:00:00,20.60961758,70.3,1006.7,0.0,5.84
2025-06-09 07:15:00,20.70804168,76.1,1008.5,1.0,4.23
2025-06-09 07:30:00,20.81543113,84.8,1005.0,1.0,5.12
2025-06-09 07:45:00,21.63594053,81.4,1006.9,0.0,5.5
2025-06-09 08:00:00,22.21119182,82.3,1003.3,0.0,5.49
2025-06-09 08:15:00,20.88926307,86.5,1007.1,0.0,3.1
2025-06-09 08:30:00,21.56083055,75.9,1009.4,0.0,4.07
2025-06-09 08:45:00,22.37177832,77.0,1007.1,0.5,3.04
2025-06-09 09:00:00,23.37754637,87.1,1008.4,0.0,4.68
2025-06-09 09:15:00,23.53055518,83.5,1007.5,0.0,5.6
2025-06-09 09:30:00,24.45450563,70.4,1005.9,2.0,5.44
2025-06-09 09:45:00,25.20327959,86.8,1006.6,0.0,5.43
2025-06-09 10:00:00,24.62500416,85.5,1009.4,0.5,4.06
2025-06-09 10:15:00,25.23807198,72.0,1008.4,0.5,3.14
2025-06-09 10:30:00,26.77990365,88.7,1005.8,0.0,3.52
2025-06-09 10:45:00,27.55371201,83.1,1004.2,0.0,5.01
2025-06-09 11:00:00,26.83310578,75.1,1007.4,0.5,3.4
2025-06-09 11:15:00,28.05898581,84.0,1005.8,0.5,3.38
2025-06-09 11:30:00,29.18516326,84.9,1006.6,0.0,4.06
2025-06-09 11:45:00,28.11181045,93.0,1004.1,0.0,3.28
2025-06-09 12:00:00,28.85402999,88.6,1009.1,0.5,3.99
2025-06-09 12:15:00,29.88819513,77.5,1006.8,4.0,5.91
2025-06-09 12:30:00,30.61948783,73.0,1007.1,1.0,3.06
2025-06-09 12:45:00,30.20907021,91.3,1005.3,0.5,5.49
2025-06-09 13:00:00,31.28660247,91.2,1006.4,2.0,5.98
2025-06-09 13:15:00,28.89632559,74.4,1007.2,0.0,4.31
2025-06-09 13:30:00,30.78655427,71.6,1005.8,0.0,5.83
2025-06-09 13:45:00,30.82660017,87.8,1006.6,0.0,3.78
2025-06-09 14:00:00,30.06377451,88.1,1009.8,4.0,5.95
2025-06-09 14:15:00,30.26889277,74.4,1003.5,1.0,5.58
2025-06-09 14:30:00,29.78316033,86.7,1007.4,0.0,5.65
2025-06-09 14:45:00,29.69576082,77.0,1005.4,0.0,3.39
2025-06-09 15:00:00,29.33345685,76.5,1009.7,0.0,5.61
2025-06-09 15:15:00,28.39020541,78.1,1006.6,0.5,5.83
2025-06-09 15:30:00,28.26560047,83.0,1004.9,0.0,5.46
2025-06-09 15:45:00,28.32060878,90.1,1006.6,2.0,3.27
2025-06-09 16:00:00,26.11209159,82.5,1007.7,0.0,3.25
2025-06-09 16:15:00,25.47641511,77.5,1012.6,0.5,4.07
2025-06-09 16:30:00,25.90588827,92.1,1002.8,0.0,5.11
2025-06-09 16:45:00,25.58767254,71.4,1004.6,0.0,3.04
2025-06-09 17:00:00,25.71576967,89.9,1009.6,0.0,5.85
2025-06-09 17:15:00,24.7504758,89.6,1004.0,0.0,4.58
2025-06-09 17:30:00,25.66187351,76.3,1007.0,0.0,4.08
2025-06-09 17:45:00,24.32268102,75.0,1006.0,0.5,4.68
2025-06-09 18:00:00,24.29926068,91.9,1005.7,0.5,5.15
2025-06-09 18:15:00,26.4648788,84.0,1006.7,0.0,3.82
2025-06-09 18:30:00,26.12237518,71.2,1006.3,0.0,3.87
2025-06-09 18:45:00,26.71210814,92.3,1009.1,0.5,4.4
2025-06-09 19:00:00,27.17552645,78.7,1009.7,0.0,5.01
2025-06-09 19:15:00,25.4008193,78.6,1007.9,0.5,5.12
2025-06-09 19:30:00,26.24700551,86.1,1006.5,1.0,3.97
2025-06-09 19:45:00,27.33576424,86.5,1007.5,1.0,3.97
2025-06-09 20:00:00,26.32558737,78.8,1008.6,0.0,4.46
2025-06-09 20:15:00,26.00044482,73.6,1009.0,0.5,4.63
2025-06-09 20:30:00,24.04080911,83.8,1007.7,0.5,4.95
2025-06-09 20:45:00,26.20977638,85.6,1010.1,0.0,4.85
2025-06-09 21:00:00,25.5499068,91.5,1005.8,0.0,4.12
2025-06-09 21:15:00,25.45404005,82.1,1009.3,0.0,3.89
2025-06-09 21:30:00,24.87995338,86.1,1008.4,0.0,3.92
2025-06-09 21:45:00,24.21209054,71.4,1005.8,0.0,4.94
2025-06-09 22:00:00,23.44195888,92.4,1007.5,0.0,4.3
2025-06-09 22:15:00,22.137227,78.2,1007.6,0.0,3.4
2025-06-09 22:30:00,22.55121468,85.8,1006.7,0.0,3.02
2025-06-09 22:45:00,22.90763035,92.9,1006.7,0.0,3.09
2025-06-09 23:00:00,22.78538175,90.3,1004.0,0.0,5.6
2025-06-09 23:15:00,21.40665034,85.9,1005.6,1.0,4.37
2025-06-09 23:30:00,21.0317987,87.6,1006.5,0.0,4.97
2025-06-09 23:45:00,20.4055865,93.0,1005.9,0.5,5.79
2025-06-10 00:00:00,22.78930913,90.3,1005.3,0.0,3.38
2025-06-10 00:15:00,20.42328867,85.2,1009.1,0.0,4.34
2025-06-10 00:30:00,20.45623593,86.5,1006.8,2.0,4.62
2025-06-10 00:45:00,21.41289201,73.7,1011.3,0.5,5.52
2025-06-10 01:00:00,20.27582369,81.8,1007.4,0.0,5.98
2025-06-10 01:15:00,20.77013145,77.5,1009.1,0.5,5.14
2025-06-10 01:30:00,20.33275416,80.8,1006.6,0.0,4.93
2025-06-10 01:45:00,20.98859079,86.6,1005.7,1.0,5.76
2025-06-10 02:00:00,22.62386476,73.7,1007.5,0.0,5.51
2025-06-10 02:15:00,21.11060517,70.4,1009.6,1.0,5.6
2025-06-10 02:30:00,21.26876657,79.9,1006.8,0.0,3.01
2025-06-10 02:45:00,20.53795815,78.1,1007.9,0.0,4.54
2025-06-10 03:00:00,21.51148701,80.5,1007.5,2.0,5.35
2025-06-10 03:15:00,22.1387217,93.3,1006.8,0.0,3.54
2025-06-10 03:30:00,21.18450952,87.7,1006.9,0.0,5.25
2025-06-10 03:45:00,20.67228793,78.2,1005.0,0.0,3.03
2025-06-10 04:00:00,21.66519047,74.5,1007.0,0.0,4.73
2025-06-10 04:15:00,21.06518209,85.5,1008.3,0.5,5.55
2025-06-10 04:30:00,21.45227704,86.4,1007.6,0.0,4.29
2025-06-10 04:45:00,21.08548033,82.1,1007.4,0.0,5.22
2025-06-10 05:00:00,21.3523848,75.3,1008.5,0.5,4.59
2025-06-10 05:15:00,22.60606273,70.7,1007.4,0.0,4.94
2025-06-10 05:30:00,21.04446656,76.6,1007.0,2.0,4.55
2025-06-10 05:45:00,21.0119039,81.4,1008.5,0.0,4.43
2025-06-10 06:00:00,22.83855623,89.7,1007.3,0.5,5.52
2025-06-10 06:15:00,20.91050082,91.3,1006.5,0.0,3.28
2025-06-10 06:30:00,20.52503997,80.3,1007.9,0.5,4.75
2025-06-10 06:45:00,20.37927406,89.9,1006.9,0.0,3.34
2025-06-10 07:00:00,20.52126123,94.8,1006.4,0.0,4.69
2025-06-10 07:15:00,20.74155941,87.9,1007.3,0.0,5.89
2025-06-10 07:30:00,21.88875855,88.2,1007.3,0.0,3.17
2025-06-10 07:45:00,21.56349497,92.7,1004.8,0.0,4.27
2025-06-10 08:00:00,22.36714436,78.5,1007.7,0.0,5.41
2025-06-10 08:15:00,21.9682325,70.3,1010.7,4.0,4.11
2025-06-10 08:30:00,23.15596168,94.7,1005.0,0.0,4.56
2025-06-10 08:45:00,24.02116195,82.3,1006.0,0.5,3.34
2025-06-10 09:00:00,23.8161148,89.6,1012.6,0.0,3.67
2025-06-10 09:15:00,24.00401078,90.3,1005.4,0.0,5.06
2025-06-10 09:30:00,25.13129531,79.9,1009.6,0.0,5.49
2025-06-10 09:45:00,24.8863893,83.5,1006.5,0.5,4.94
2025-06-10 10:00:00,25.87321947,83.5,1007.1,0.0,5.51
2025-06-10 10:15:00,26.56998978,75.5,1006.7,1.0,4.82
2025-06-10 10:30:00,26.85066152,72.9,1007.9,2.0,5.43
2025-06-10 10:45:00,27.39359102,83.6,1003.8,0.0,5.95
2025-06-10 11:00:00,28.31455882,73.0,1007.4,0.0,3.25
2025-06-10 11:15:00,28.01997926,78.7,1006.2,0.0,4.44
2025-06-10 11:30:00,28.71843896,74.7,1003.3,0.0,3.57
2025-06-10 11:45:00,29.1282455,87.7,1009.2,0.0,4.4
2025-06-10 12:00:00,29.94777393,91.8,1002.8,4.0,4.5
2025-06-10 12:15:00,30.8037359,84.4,1011.3,0.5,4.87
2025-06-10 12:30:00,31.22441003,80.3,1008.2,2.0,4.32
2025-06-10 12:45:00,31.14146082,94.9,1004.3,0.0,3.97
2025-06-10 13:00:00,30.0016464,70.5,1009.7,0.0,3.13
2025-06-10 13:15:00,31.22660048,77.6,1005.5,0.0,3.1
2025-06-10 13:30:00,30.35295751,77.0,1005.6,0.0,3.53
2025-06-10 13:45:00,31.41359591,78.9,1003.4,0.5,4.35
2025-06-10 14:00:00,29.19075787,75.8,1005.3,1.0,4.25
2025-06-10 14:15:00,29.23149781,76.6,1005.5,0.0,3.57
2025-06-10 14:30:00,28.63210759,76.4,1008.6,0.0,5.47
2025-06-10 14:45:00,28.50889919,82.6,1009.3,0.0,5.05
2025-06-10 15:00:00,27.92086577,79.8,1004.5,0.5,4.03
2025-06-10 15:15:00,27.57171295,86.0,1007.5,0.0,5.39
2025-06-10 15:30:00,26.40738888,82.9,1003.3,0.0,5.97
2025-06-10 15:45:00,25.57632251,74.6,1007.5,0.0,3.74
2025-06-10 16:00:00,26.95637681,90.3,1011.3,1.0,4.09
2025-06-10 16:15:00,25.24773093,81.8,1003.4,0.5,5.98
2025-06-10 16:30:00,25.22305963,73.8,1005.0,0.0,3.41
2025-06-10 16:45:00,25.70222411,74.2,1008.5,0.0,3.23
2025-06-10 17:00:00,24.43627702,89.9,1008.7,0.0,4.56
2025-06-10 17:15:00,25.19742514,87.6,1005.1,0.0,4.41
2025-06-10 17:30:00,25.95929692,82.7,1009.9,0.0,3.23
2025-06-10 17:45:00,25.8184346,77.7,1005.4,0.5,3.87
2025-06-10 18:00:00,26.04301126,81.5,1010.3,0.0,4.26
2025-06-10 18:15:00,26.29544587,85.9,1007.9,0.0,5.47
2025-06-10 18:30:00,24.63685441,92.0,1009.5,0.0,5.12
2025-06-10 18:45:00,25.72916796,83.9,1007.7,0.0,5.74
2025-06-10 19:00:00,26.081879,76.9,1008.3,0.0,4.0
2025-06-10 19:15:00,26.56332195,71.1,1008.4,0.0,3.93
2025-06-10 19:30:00,26.21215303,74.4,1009.3,0.0,4.39
2025-06-10 19:45:00,25.31023738,86.3,1006.9,0.0,3.02
2025-06-10 20:00:00,25.47862418,74.0,1005.2,4.0,3.62
2025-06-10 20:15:00,25.94207296,82.0,1006.8,0.5,3.63
2025-06-10 20:30:00,26.1685303,87.5,1005.7,0.0,3.18
2025-06-10 20:45:00,24.66475976,77.7,1005.8,0.0,4.37
2025-06-10 21:00:00,25.08331623,86.7,1010.3,0.0,5.72
2025-06-10 21:15:00,23.91590285,84.5,1008.2,0.0,3.01
2025-06-10 21:30:00,24.82639239,81.0,1008.2,0.0,4.89
2025-06-10 21:45:00,23.20312061,92.4,1009.1,0.0,5.64
2025-06-10 22:00:00,22.23325541,87.3,1008.2,0.0,3.32
2025-06-10 22:15:00,22.68551328,79.0,1010.7,0.5,5.75
2025-06-10 22:30:00,22.21182661,90.1,1002.8,0.0,5.46
2025-06-10 22:45:00,20.95860493,88.5,1005.0,4.0,3.64
2025-06-10 23:00:00,20.70113688,89.8,1005.6,0.0,5.72
2025-06-10 23:15:00,20.61853552,86.0,1004.2,4.0,5.41
2025-06-10 23:30:00,20.87160238,79.5,1007.2,0.0,3.33
2025-06-10 23:45:00,21.13521944,78.7,1007.3,0.0,5.49
2025-06-11 00:00:00,20.44243138,86.4,1011.0,2.0,4.63
2025-06-11 00:15:00,21.06868363,73.3,1008.8,0.0,5.45
2025-06-11 00:30:00,21.22315576,90.5,1006.0,0.0,4.85
2025-06-11 00:45:00,20.25276306,79.3,1008.0,0.0,4.18
2025-06-11 01:00:00,22.38041249,85.8,1003.3,0.0,4.8
2025-06-11 01:15:00,20.34147216,82.5,1007.3,4.0,4.91
2025-06-11 01:30:00,20.52421825,83.0,1007.2,0.0,5.3
2025-06-11 01:45:00,20.33832306,88.5,1005.2,4.0,5.49
2025-06-11 02:00:00,20.44226466,85.7,1006.6,0.0,4.99
2025-06-11 02:15:00,21.93532356,76.3,1005.6,0.0,5.97
2025-06-11 02:30:00,21.93270322,71.9,1005.1,0.0,5.34
2025-06-11 02:45:00,21.18909425,91.0,1008.3,0.0,5.73
2025-06-11 03:00:00,21.96073766,92.1,1009.1,0.0,3.96
2025-06-11 03:15:00,20.84693653,74.1,1008.0,0.5,3.95
2025-06-11 03:30:00,22.68461726,77.7,1006.1,0.0,4.09
2025-06-11 03:45:00,20.49306078,77.1,1005.7,1.0,4.32
2025-06-11 04:00:00,22.26957383,93.4,1006.2,1.0,5.88
2025-06-11 04:15:00,22.47893058,75.1,1006.6,0.0,3.22
2025-06-11 04:30:00,22.02793148,74.2,1005.3,0.5,4.5
2025-06-11 04:45:00,22.29838187,74.5,1009.1,1.0,3.48
2025-06-11 05:00:00,21.65870676,88.2,1006.6,0.0,5.43
2025-06-11 05:15:00,20.31361512,92.2,1008.5,0.0,3.09
2025-06-11 05:30:00,21.1302311,79.8,1004.2,0.0,4.37
2025-06-11 05:45:00,21.23997281,73.4,1005.6,0.5,4.18
2025-06-11 06:00:00,20.09679855,84.6,1008.7,0.0,3.28
2025-06-11 06:15:00,20.18909537,75.2,1008.7,0.0,4.13
2025-06-11 06:30:00,21.33349054,71.6,1004.6,0.0,5.43
2025-06-11 06:45:00,20.55078825,92.2,1007.6,0.0,3.41
2025-06-11 07:00:00,21.12346483,91.8,1007.7,0.0,5.95
2025-06-11 07:15:00,20.98877774,94.4,1005.6,0.0,3.18
2025-06-11 07:30:00,22.5062682,81.9,1007.7,0.0,3.87
2025-06-11 07:45:00,22.51306553,77.4,1003.8,0.0,5.32
2025-06-11 08:00:00,23.15475389,89.2,1005.1,0.0,4.07
2025-06-11 08:15:00,23.77347218,74.5,1008.2,0.0,4.44
2025-06-11 08:30:00,23.49550633,76.1,1007.1,1.0,3.56
2025-06-11 08:45:00,22.85644516,76.4,1007.2,0.0,5.15
2025-06-11 09:00:00,24.73123999,93.8,1006.6,0.0,3.54
2025-06-11 09:15:00,24.23309276,88.2,1008.1,0.0,5.55
2025-06-11 09:30:00,25.54741335,73.3,1008.2,1.0,4.62
2025-06-11 09:45:00,25.1508299,72.3,1008.6,0.0,4.64
2025-06-11 10:00:00,26.36620204,91.1,1007.3,0.0,5.8
2025-06-11 10:15:00,26.10380547,90.1,1006.2,0.5,5.32
2025-06-11 10:30:00,26.36940138,86.8,1005.9,0.0,5.23
2025-06-11 10:45:00,28.00114379,74.9,1004.9,0.0,5.57
2025-06-11 11:00:00,28.51847181,82.0,1006.2,0.0,3.28
2025-06-11 11:15:00,28.21948597,85.1,1005.8,0.0,5.18
2025-06-11 11:30:00,29.2787617,93.3,1010.2,0.5,3.7
2025-06-11 11:45:00,29.53544855,74.2,1004.9,0.0,3.84
2025-06-11 12:00:00,30.11643834,82.9,1009.1,0.5,3.05
2025-06-11 12:15:00,30.26547506,73.9,1006.5,0.0,5.68
2025-06-11 12:30:00,30.72833307,81.1,1006.6,0.0,5.22
2025-06-11 12:45:00,29.44598556,75.0,1007.8,0.0,3.42
2025-06-11 13:00:00,31.05999787,90.9,1004.2,0.0,3.98
2025-06-11 13:15:00,30.83072884,76.4,1005.4,0.0,4.44
2025-06-11 13:30:00,30.0749265,80.4,1004.5,0.5,4.48
2025-06-11 13:45:00,29.50831342,80.2,1006.2,2.0,4.79
2025-06-11 14:00:00,28.53349009,91.7,1005.2,0.0,4.42
2025-06-11 14:15:00,29.31003735,88.9,1009.6,0.0,4.95
2025-06-11 14:30:00,28.0918679,71.4,1005.8,0.0,5.65
2025-06-11 14:45:00,28.24022412,71.7,1002.2,1.0,4.19
2025-06-11 15:00:00,26.78391383,83.8,1006.3,2.0,5.63
2025-06-11 15:15:00,27.22280049,80.7,1008.6,1.0,3.66
2025-06-11 15:30:00,24.80982777,76.9,1010.3,0.0,3.36
2025-06-11 15:45:00,26.15444136,89.8,1006.5,2.0,3.72
2025-06-11 16:00:00,24.34197862,73.2,1006.0,0.0,3.62
2025-06-11 16:15:00,25.76254265,94.4,1007.0,0.0,5.96
2025-06-11 16:30:00,25.05815402,70.6,1007.8,0.0,4.14
2025-06-11 16:45:00,25.58033438,73.0,1004.7,1.0,4.95
2025-06-11 17:00:00,27.24769948,77.8,1006.5,0.5,5.09
2025-06-11 17:15:00,25.07306988,82.7,1006.9,0.5,4.34
2025-06-11 17:30:00,25.35176446,75.4,1007.1,1.0,3.67
2025-06-11 17:45:00,25.66402502,88.4,1006.7,0.0,4.31
2025-06-11 18:00:00,25.55017595,78.9,1005.1,0.5,4.42
2025-06-11 18:15:00,26.5680871,71.0,1007.7,0.0,5.86
2025-06-11 18:30:00,25.61984875,91.9,1006.9,0.0,4.71
2025-06-11 18:45:00,26.44231584,93.6,1006.9,0.0,5.91
2025-06-11 19:00:00,25.7559747,85.5,1004.8,2.0,4.73
2025-06-11 19:15:00,25.66912704,90.2,1008.3,2.0,3.43
2025-06-11 19:30:00,26.2975246,73.0,1005.1,0.0,4.15
2025-06-11 19:45:00,27.01995056,76.7,1010.2,0.0,5.38
2025-06-11 20:00:00,25.88926694,78.1,1004.6,0.0,4.26
2025-06-11 20:15:00,26.41124163,94.0,1008.5,0.0,3.3
2025-06-11 20:30:00,25.96767952,82.8,1003.2,0.0,3.29
2025-06-11 20:45:00,24.82996752,70.2,1002.5,0.0,3.71
2025-06-11 21:00:00,24.43615345,79.5,1005.9,0.0,4.69
2025-06-11 21:15:00,22.83605995,70.2,1002.5,0.0,5.49
2025-06-11 21:30:00,23.18577816,75.9,1008.5,0.0,4.6
2025-06-11 21:45:00,22.90244539,81.4,1007.0,0.0,5.24
2025-06-11 22:00:00,21.75626699,78.1,1009.8,0.0,4.94
2025-06-11 22:15:00,22.80436703,70.8,1006.7,1.0,4.57
2025-06-11 22:30:00,21.84294622,72.9,1007.5,0.5,3.64
2025-06-11 22:45:00,20.55142812,83.8,1006.5,0.5,5.65
2025-06-11 23:00:00,20.98307395,87.4,1005.3,0.0,3.83
2025-06-11 23:15:00,21.30369239,80.1,1006.2,0.0,3.76
2025-06-11 23:30:00,21.30737858,88.3,1004.6,4.0,3.77
2025-06-11 23:45:00,20.40564744,74.1,1007.8,0.0,3.29
2025-06-12 00:00:00,22.18487562,73.1,1006.4,0.0,4.5
2025-06-12 00:15:00,21.35233775,91.0,1006.8,1.0,3.98
2025-06-12 00:30:00,20.986108,78.5,1012.6,0.0,4.57
2025-06-12 00:45:00,20.35336211,80.8,1006.2,0.0,4.36
2025-06-12 01:00:00,20.74829072,93.7,1007.6,0.0,4.56
2025-06-12 01:15:00,20.41165848,80.6,1006.9,0.0,3.89
2025-06-12 01:30:00,20.28685314,70.1,1009.3,0.0,5.45
2025-06-12 01:45:00,20.09024005,93.4,1007.5,0.0,4.6
2025-06-12 02:00:00,21.23586245,70.4,1006.5,0.0,3.63
2025-06-12 02:15:00,22.01748687,86.6,1011.6,0.5,5.71
2025-06-12 02:30:00,20.05982294,78.1,1005.3,2.0,3.33
2025-06-12 02:45:00,21.06819137,81.8,1006.6,0.5,5.2
2025-06-12 03:00:00,22.58842237,83.7,1008.8,0.0,5.04
2025-06-12 03:15:00,22.15185212,80.2,1005.4,0.5,3.22
2025-06-12 03:30:00,22.19846612,89.4,1008.5,0.0,5.7
2025-06-12 03:45:00,20.55249832,93.3,1006.0,0.0,3.95
2025-06-12 04:00:00,22.93285096,72.2,1009.0,0.0,5.22
2025-06-12 04:15:00,22.39980308,90.0,1009.0,0.5,3.83
2025-06-12 04:30:00,22.91191383,73.2,1006.8,0.0,4.58
2025-06-12 04:45:00,22.50540484,72.0,1005.0,2.0,5.92
2025-06-12 05:00:00,22.96610576,93.9,1006.2,1.0,4.83
2025-06-12 05:15:00,21.84549298,82.2,1007.0,0.0,3.89
2025-06-12 05:30:00,20.89046709,73.8,1008.8,0.5,4.38
2025-06-12 05:45:00,20.98000896,84.2,1007.6,0.0,5.03
2025-06-12 06:00:00,20.26946449,76.6,1008.1,0.0,4.34
2025-06-12 06:15:00,20.24113129,81.6,1007.7,0.0,5.73
2025-06-12 06:30:00,21.55393898,85.6,1008.7,1.0,5.6
2025-06-12 06:45:00,22.4331989,91.7,1006.6,1.0,3.44
2025-06-12 07:00:00,20.7784316,70.1,1007.3,0.0,5.35
2025-06-12 07:15:00,22.78103903,75.4,1007.1,0.0,5.83
2025-06-12 07:30:00,22.78252838,72.4,1006.1,0.0,3.95
2025-06-12 07:45:00,20.15201546,72.4,1009.0,0.0,3.71
2025-06-12 08:00:00,20.4182123,93.6,1009.0,4.0,3.03
2025-06-12 08:15:00,22.90465345,93.4,1009.4,0.5,3.35
2025-06-12 08:30:00,20.82122367,88.7,1005.5,0.5,5.88
2025-06-12 08:45:00,20.55548061,86.1,1007.7,0.5,4.17
2025-06-12 09:00:00,20.18245547,91.2,1009.2,0.5,4.16
2025-06-12 09:15:00,21.05785215,71.5,1010.0,0.0,3.8
2025-06-12 09:30:00,21.92716839,73.0,1004.0,0.0,3.49
2025-06-12 09:45:00,22.26238632,77.9,1007.0,0.0,4.53
2025-06-12 10:00:00,22.50765458,90.8,1006.6,1.0,5.17
2025-06-12 10:15:00,22.83672183,81.8,1010.2,0.0,4.65
2025-06-12 10:30:00,23.52128725,82.6,1002.6,1.0,3.11
2025-06-12 10:45:00,23.18482344,75.7,1004.9,1.0,5.41
2025-06-12 11:00:00,24.78476967,86.2,1009.9,0.5,5.79
2025-06-12 11:15:00,25.12506591,92.2,1006.1,0.0,4.32
2025-06-12 11:30:00,25.09999342,78.2,1004.4,0.0,4.1
2025-06-12 11:45:00,25.83706524,85.5,1010.0,0.0,3.69
2025-06-12 12:00:00,26.22489452,78.3,1004.1,1.0,3.91
2025-06-12 12:15:00,26.56745062,89.8,1009.0,1.0,4.93
2025-06-12 12:30:00,26.92942281,81.9,1003.9,0.0,5.31
2025-06-12 12:45:00,28.92191522,78.5,1004.1,0.0,4.0
2025-06-12 13:00:00,28.36922519,80.5,1007.4,1.0,4.02
2025-06-12 13:15:00,29.11198473,72.3,1005.3,0.0,4.35
2025-06-12 13:30:00,28.83617802,91.7,1007.5,4.0,3.51
2025-06-12 13:45:00,28.14455204,94.0,1010.6,0.0,5.78
2025-06-12 14:00:00,29.35164568,81.9,1006.7,2.0,5.12
2025-06-12 14:15:00,30.12299275,75.5,1010.3,0.0,4.3
2025-06-12 14:30:00,30.29462967,86.6,1007.6,0.0,3.37
2025-06-12 14:45:00,29.8813868,81.3,1008.9,0.0,5.55
2025-06-12 15:00:00,29.62850699,76.3,1002.3,1.0,4.45
2025-06-12 15:15:00,29.60835116,71.0,1008.3,0.0,5.39
2025-06-12 15:30:00,28.96352863,92.2,1008.0,0.5,3.1
2025-06-12 15:45:00,27.51715829,89.9,1006.3,0.0,3.82
2025-06-12 16:00:00,28.52785316,90.7,1010.8,2.0,4.87
2025-06-12 16:15:00,27.49183443,81.0,1006.0,0.0,4.46
2025-06-12 16:30:00,28.00790133,88.8,1003.8,0.0,3.89
2025-06-12 16:45:00,26.43217275,84.5,1008.6,0.0,3.6
2025-06-12 17:00:00,26.22015476,79.4,1004.2,0.0,3.91
2025-06-12 17:15:00,26.18256676,91.1,1007.2,0.0,5.23
2025-06-12 17:30:00,25.03922122,95.0,1009.7,0.0,3.55
2025-06-12 17:45:00,24.78598338,92.5,1008.0,1.0,4.78
2025-06-12 18:00:00,22.82494437,89.4,1006.5,0.0,4.27
2025-06-12 18:15:00,23.6192632,88.7,1006.3,0.0,5.29
2025-06-12 18:30:00,23.52755643,86.3,1009.5,0.0,3.6
2025-06-12 18:45:00,23.81162302,91.3,1004.6,0.0,3.81
2025-06-12 19:00:00,23.10696609,82.3,1008.6,0.0,4.2
2025-06-12 19:15:00,23.13670894,74.5,1011.4,1.0,3.5
2025-06-12 19:30:00,23.59043444,89.2,1008.1,0.0,4.38
2025-06-12 19:45:00,23.78626784,93.0,1006.5,0.5,4.25
2025-06-12 20:00:00,24.47291791,78.5,1006.7,0.0,5.97
2025-06-12 20:15:00,26.31153567,89.6,1006.0,0.0,4.78
2025-06-12 20:30:00,24.74452909,76.8,1005.7,2.0,3.21
2025-06-12 20:45:00,25.64626784,93.6,1007.2,0.0,4.38
2025-06-12 21:00:00,25.24477874,87.1,1008.4,0.0,5.64
2025-06-12 21:15:00,25.40037749,84.2,1010.2,0.0,5.6
2025-06-12 21:30:00,26.0218533,89.5,1003.1,1.0,5.89
2025-06-12 21:45:00,24.94348735,90.3,1002.1,0.0,5.68
2025-06-12 22:00:00,23.90149059,92.3,1010.3,4.0,3.53
2025-06-12 22:15:00,24.75337721,92.5,1007.1,0.0,3.01
2025-06-12 22:30:00,23.77457925,71.3,1007.2,0.0,4.85
2025-06-12 22:45:00,22.88670092,73.1,1008.0,0.0,5.11
2025-06-12 23:00:00,23.4929494,90.7,1006.6,0.0,3.39
2025-06-12 23:15:00,22.59975915,93.7,1011.0,0.0,3.5
2025-06-12 23:30:00,22.10234913,77.7,1008.0,0.5,5.89
2025-06-12 23:45:00,22.34753698,70.2,1006.1,0.5,5.83
2025-06-13 00:00:00,20.33150403,78.1,1006.3,0.0,3.47
2025-06-13 00:15:00,21.13900702,79.6,1006.7,1.0,3.74
2025-06-13 00:30:00,20.38295499,89.0,1005.4,0.5,5.68
2025-06-13 00:45:00,21.21701588,71.2,1010.4,0.0,4.3
2025-06-13 01:00:00,20.20197144,75.3,1007.2,0.0,5.39
2025-06-13 01:15:00,22.52282087,92.3,1004.7,0.0,4.19
2025-06-13 01:30:00,22.30768779,73.9,1007.8,0.0,5.21
2025-06-13 01:45:00,22.69403248,89.0,1009.9,0.5,4.19
2025-06-13 02:00:00,22.83402834,79.0,1009.1,0.0,5.7
2025-06-13 02:15:00,21.53615052,86.6,1005.5,0.5,3.98
2025-06-13 02:30:00,21.79430701,71.8,1004.8,0.5,4.57
2025-06-13 02:45:00,21.99207206,77.2,1009.9,0.0,4.57
2025-06-13 03:00:00,20.37204144,80.6,1003.8,0.0,4.95
2025-06-13 03:15:00,22.50492251,91.4,1007.7,0.5,3.92
2025-06-13 03:30:00,22.51929252,84.1,1005.9,0.0,4.93
2025-06-13 03:45:00,20.76192997,71.1,1009.6,1.0,3.42
2025-06-13 04:00:00,20.6968477,90.0,1004.9,0.0,5.68
2025-06-13 04:15:00,21.78397993,71.4,1005.4,0.5,3.43
2025-06-13 04:30:00,20.67349475,93.4,1008.2,4.0,5.52
2025-06-13 04:45:00,21.61801088,75.3,1008.6,0.0,5.08
2025-06-13 05:00:00,20.72196163,82.2,1009.7,0.0,4.02
2025-06-13 05:15:00,20.51695552,71.8,1007.9,0.0,3.98
2025-06-13 05:30:00,20.84965966,84.0,1007.7,0.0,5.9
2025-06-13 05:45:00,20.81391946,82.4,1009.1,0.5,3.58
2025-06-13 06:00:00,21.68240498,80.3,1004.3,0.0,5.17
2025-06-13 06:15:00,21.28696641,70.9,1005.2,0.0,3.55
2025-06-13 06:30:00,20.04290148,92.0,1004.4,0.5,5.72
2025-06-13 06:45:00,20.33761757,90.1,1001.6,0.0,5.23
2025-06-13 07:00:00,21.16812596,85.8,1008.7,0.5,5.8
2025-06-13 07:15:00,21.51569508,84.3,1009.9,0.0,5.64
2025-06-13 07:30:00,20.50187852,87.4,1008.1,0.0,4.65
2025-06-13 07:45:00,20.55215348,73.6,1007.8,0.0,3.46
2025-06-13 08:00:00,20.16879903,93.3,1007.2,0.0,3.66
2025-06-13 08:15:00,21.00763328,77.1,1007.1,1.0,3.61
2025-06-13 08:30:00,21.21209583,86.4,1010.4,0.0,3.66
2025-06-13 08:45:00,20.51725359,85.2,1010.1,0.0,4.43
2025-06-13 09:00:00,22.60541996,85.9,1005.8,0.0,5.6
2025-06-13 09:15:00,21.70876188,92.0,1009.2,0.0,3.07
2025-06-13 09:30:00,22.12300179,77.4,1009.5,0.5,3.72
2025-06-13 09:45:00,23.12052011,88.7,1008.3,0.0,4.79
2025-06-13 10:00:00,23.00811667,85.0,1007.8,0.0,5.6
2025-06-13 10:15:00,24.47211977,71.9,1007.7,0.0,3.89
2025-06-13 10:30:00,25.03426816,80.4,1004.0,0.0,4.15
2025-06-13 10:45:00,25.65261235,90.9,1003.9,0.0,4.12
2025-06-13 11:00:00,24.67305095,77.9,1008.6,0.0,3.88
2025-06-13 11:15:00,25.34688082,82.1,1004.8,1.0,5.1
2025-06-13 11:30:00,25.40413375,82.2,1004.2,0.0,4.97
2025-06-13 11:45:00,26.23421831,85.5,1002.8,0.0,5.53
2025-06-13 12:00:00,28.17070029,92.1,1006.0,0.5,5.75
2025-06-13 12:15:00,28.40387962,74.3,1007.7,0.0,5.7
2025-06-13 12:30:00,28.67032869,82.6,1007.9,0.0,4.62
2025-06-13 12:45:00,29.18315732,80.6,1008.7,0.0,3.56
2025-06-13 13:00:00,28.29762263,77.4,1006.2,0.5,3.67
2025-06-13 13:15:00,29.84170485,93.0,1007.2,0.0,4.77
2025-06-13 13:30:00,29.90972211,70.2,1008.7,0.0,5.76
2025-06-13 13:45:00,30.54634824,73.1,1007.9,0.0,4.59
2025-06-13 14:00:00,30.55194962,88.3,1005.8,0.0,5.81
2025-06-13 14:15:00,31.11288853,76.6,1007.6,0.0,3.79
2025-06-13 14:30:00,30.80723317,88.1,1003.0,0.5,3.26
2025-06-13 14:45:00,29.9928863,90.8,1007.0,0.0,5.39
2025-06-13 15:00:00,31.07571526,76.4,1005.8,0.0,5.64
2025-06-13 15:15:00,29.65343983,74.8,1010.0,0.0,4.34
2025-06-13 15:30:00,30.03662076,73.6,1005.0,1.0,3.31
2025-06-13 15:45:00,28.74694693,75.0,1007.2,0.5,3.13
2025-06-13 16:00:00,28.42967408,76.7,1006.1,0.5,3.19
2025-06-13 16:15:00,27.85948079,91.7,1005.9,2.0,4.32
2025-06-13 16:30:00,26.33599961,89.3,1007.8,0.5,3.7
2025-06-13 16:45:00,26.49782352,70.0,1006.2,0.5,4.39
2025-06-13 17:00:00,25.05835038,91.9,1010.7,0.5,4.47
2025-06-13 17:15:00,24.43889574,72.0,1003.1,0.0,4.37
2025-06-13 17:30:00,24.87914001,86.4,1008.3,2.0,4.86
2025-06-13 17:45:00,25.12024744,73.8,1006.8,0.0,5.04
2025-06-13 18:00:00,23.49774079,71.6,1006.9,0.0,4.19
2025-06-13 18:15:00,23.79716675,89.0,1007.6,0.0,4.01
2025-06-13 18:30:00,23.37464581,81.7,1009.0,1.0,4.11
2025-06-13 18:45:00,24.94729354,85.0,1007.5,0.0,3.21
2025-06-13 19:00:00,24.82679865,80.6,1009.0,0.0,3.96
2025-06-13 19:15:00,25.65814095,71.7,1007.1,0.0,3.6
2025-06-13 19:30:00,24.82022901,88.5,1004.9,1.0,3.87
2025-06-13 19:45:00,26.03893507,90.5,1006.8,0.0,5.14
2025-06-13 20:00:00,24.54132791,71.0,1009.3,1.0,5.97
2025-06-13 20:15:00,24.5006379,79.4,1006.2,1.0,5.77
2025-06-13 20:30:00,25.9648052,83.9,1004.8,1.0,5.46
2025-06-13 20:45:00,26.58683455,85.1,1008.2,0.0,5.21
2025-06-13 21:00:00,25.77938066,84.5,1007.7,0.5,5.83
2025-06-13 21:15:00,26.19021132,87.3,1005.5,0.0,5.26
2025-06-13 21:30:00,25.98325472,94.2,1006.5,0.0,4.41
2025-06-13 21:45:00,24.28469691,79.8,1006.6,0.0,4.8
2025-06-13 22:00:00,25.27523679,83.9,1007.0,0.0,3.92
2025-06-13 22:15:00,25.08128237,87.5,1008.3,0.0,3.01
2025-06-13 22:30:00,24.53015815,84.8,1006.2,0.0,4.06
2025-06-13 22:45:00,23.59485681,79.7,1008.4,0.0,4.21
2025-06-13 23:00:00,24.73520192,85.6,1005.9,1.0,5.2
2025-06-13 23:15:00,23.37271605,86.3,1010.3,0.5,5.58
2025-06-13 23:30:00,22.88554137,84.6,1010.4,0.5,5.89
2025-06-13 23:45:00,22.5510818,75.1,1005.3,0.0,4.06
2025-06-14 00:00:00,21.67573844,82.6,1004.5,0.0,5.87
2025-06-14 00:15:00,21.14440696,92.1,1009.0,0.0,5.4
2025-06-14 00:30:00,20.41772453,91.7,1007.5,0.0,3.09
2025-06-14 00:45:00,20.06180484,88.8,1008.1,0.0,4.79
2025-06-14 01:00:00,20.36945175,87.4,1005.7,0.0,4.1
2025-06-14 01:15:00,20.22452085,73.8,1006.7,0.0,3.1
2025-06-14 01:30:00,20.53110099,81.5,1006.3,0.0,4.59
2025-06-14 01:45:00,20.12500541,72.8,1007.6,0.0,4.75
2025-06-14 02:00:00,20.77204694,90.4,1004.5,1.0,3.76
2025-06-14 02:15:00,21.20461051,77.3,1006.8,1.0,5.82
2025-06-14 02:30:00,20.02039559,89.2,1004.5,0.0,4.83
2025-06-14 02:45:00,21.1708535,90.4,1006.0,0.0,3.53
2025-06-14 03:00:00,22.52449952,92.3,1006.8,4.0,5.16
2025-06-14 03:15:00,22.92284236,88.8,1008.0,1.0,4.5
2025-06-14 03:30:00,21.14669198,84.1,1008.2,0.0,4.42
2025-06-14 03:45:00,20.22013961,85.0,1008.5,0.0,5.5
2025-06-14 04:00:00,21.06232314,78.0,1004.0,0.0,3.41
2025-06-14 04:15:00,20.30148652,74.4,1009.5,0.5,4.47
2025-06-14 04:30:00,21.90922935,73.3,1005.7,0.0,5.34
2025-06-14 04:45:00,20.97590823,74.6,1005.9,0.0,4.98
2025-06-14 05:00:00,22.18863568,93.3,1007.5,0.5,3.02
2025-06-14 05:15:00,20.11725398,74.1,1006.3,1.0,5.36
2025-06-14 05:30:00,22.89596633,88.1,1007.7,0.0,5.83
2025-06-14 05:45:00,21.19164516,74.6,1008.1,0.0,5.11
2025-06-14 06:00:00,22.35407828,94.4,1005.5,1.0,5.63
2025-06-14 06:15:00,20.7612021,79.2,1006.6,0.0,4.08
2025-06-14 06:30:00,21.27136277,80.3,1006.7,1.0,4.05
2025-06-14 06:45:00,20.64831528,80.1,1008.9,0.0,3.96
2025-06-14 07:00:00,20.52123824,90.4,1006.1,2.0,5.2
2025-06-14 07:15:00,20.33368852,75.5,1006.0,0.0,5.83
2025-06-14 07:30:00,21.83776918,90.8,1005.0,0.0,5.66
2025-06-14 07:45:00,20.39040911,86.4,1005.2,0.0,3.45
2025-06-14 08:00:00,21.88167594,75.5,1004.3,1.0,4.88
2025-06-14 08:15:00,21.10963404,71.6,1005.6,0.0,5.99
2025-06-14 08:30:00,21.74540362,89.4,1010.2,0.0,3.89
2025-06-14 08:45:00,22.34871346,75.5,1008.4,0.0,4.9
2025-06-14 09:00:00,21.38672895,92.2,1009.6,1.0,5.72
2025-06-14 09:15:00,22.49815136,73.2,1005.1,0.0,5.7
2025-06-14 09:30:00,23.20013287,85.4,1003.1,0.0,3.96
2025-06-14 09:45:00,23.29890442,87.3,1007.6,0.0,3.28
2025-06-14 10:00:00,25.01713139,86.4,1010.7,0.0,4.94
2025-06-14 10:15:00,24.9477252,77.9,1006.0,0.0,5.84
2025-06-14 10:30:00,24.82232296,91.9,1007.2,0.0,4.52
2025-06-14 10:45:00,26.19856176,89.2,1003.9,0.5,4.37
2025-06-14 11:00:00,26.19246778,82.8,1007.1,0.5,5.59
2025-06-14 11:15:00,27.03406997,85.1,1006.8,0.5,4.27
2025-06-14 11:30:00,28.2213768,84.2,1002.8,0.0,5.04
2025-06-14 11:45:00,28.14594181,93.7,1004.9,0.5,4.17
2025-06-14 12:00:00,27.62200181,92.4,1004.8,0.0,4.13
2025-06-14 12:15:00,28.75010226,75.9,1003.8,1.0,3.56
2025-06-14 12:30:00,28.22773654,76.6,1005.6,0.0,3.27
2025-06-14 12:45:00,30.01591477,94.5,1008.0,0.0,5.66
2025-06-14 13:00:00,28.95121202,75.9,1005.7,0.5,3.54
2025-06-14 13:15:00,30.55289419,93.8,1009.3,0.0,3.19
2025-06-14 13:30:00,31.06324799,86.2,1006.3,2.0,4.75
2025-06-14 13:45:00,29.27666774,71.3,1007.7,0.5,4.64
2025-06-14 14:00:00,30.20292375,78.4,1008.0,0.5,4.7
2025-06-14 14:15:00,30.04445999,81.9,1010.1,0.5,4.4
2025-06-14 14:30:00,30.8732682,90.8,1005.6,0.0,3.43
2025-06-14 14:45:00,29.35293896,78.2,1007.9,0.0,3.06
2025-06-14 15:00:00,29.26109931,77.8,1005.1,0.5,3.14
2025-06-14 15:15:00,29.61489203,93.0,1010.4,0.0,5.83
2025-06-14 15:30:00,28.65457575,72.0,1004.9,0.5,4.6
2025-06-14 15:45:00,28.63095312,83.8,1007.8,1.0,4.2
2025-06-14 16:00:00,27.69149349,82.6,1010.1,0.0,4.23
2025-06-14 16:15:00,26.36035352,71.4,1004.6,0.0,4.96
2025-06-14 16:30:00,26.39589665,72.2,1008.2,1.0,4.13
2025-06-14 16:45:00,25.79646242,79.5,1005.0,0.0,5.39
2025-06-14 17:00:00,26.38432486,73.4,1011.7,0.0,3.78
2025-06-14 17:15:00,25.01644074,82.0,1003.2,0.0,4.1
2025-06-14 17:30:00,25.83673007,85.2,1004.0,0.5,5.8
2025-06-14 17:45:00,24.39516805,87.3,1004.8,4.0,3.78
2025-06-14 18:00:00,25.00364592,83.7,1004.8,0.0,4.98
2025-06-14 18:15:00,25.27058843,79.5,1008.0,2.0,4.09
2025-06-14 18:30:00,24.76136794,73.2,1010.6,0.0,4.41
2025-06-14 18:45:00,25.07901236,76.2,1009.3,0.5,3.14
2025-06-14 19:00:00,25.01954782,80.5,1007.5,0.0,3.5
2025-06-14 19:15:00,24.91376396,93.1,1007.0,0.0,3.31
2025-06-14 19:30:00,25.99409692,75.1,1005.8,1.0,5.53
2025-06-14 19:45:00,25.69984915,80.3,1007.8,0.0,5.89
2025-06-14 20:00:00,25.29928261,88.3,1006.6,0.0,3.2
2025-06-14 20:15:00,26.39843073,87.6,1007.4,0.0,3.23
2025-06-14 20:30:00,26.30840912,94.1,1005.5,0.0,4.66
2025-06-14 20:45:00,26.46920722,74.8,1004.6,0.0,4.51
2025-06-14 21:00:00,25.93742292,70.4,1007.1,2.0,4.95
2025-06-14 21:15:00,25.99645665,78.1,1007.0,0.5,5.21
2025-06-14 21:30:00,25.34946991,73.7,1005.8,0.0,5.39
2025-06-14 21:45:00,26.0969599,83.7,1005.5,4.0,3.45
2025-06-14 22:00:00,25.26099465,92.5,1008.1,0.0,3.11
2025-06-14 22:15:00,24.69571124,87.2,1007.9,1.0,5.67
2025-06-14 22:30:00,25.15966871,73.4,1010.8,0.0,4.41
2025-06-14 22:45:00,24.02464567,72.9,1009.8,0.0,5.91
2025-06-14 23:00:00,22.63941318,92.8,1004.6,0.0,4.6
2025-06-14 23:15:00,22.19762002,82.2,1006.6,0.5,4.53
2025-06-14 23:30:00,21.68873808,93.1,1004.3,0.5,4.87
2025-06-14 23:45:00,22.03249943,88.4,1003.3,0.0,3.51
2025-06-15 00:00:00,20.66099701,94.8,1011.4,0.0,3.76
2025-06-15 00:15:00,20.93853289,91.8,1010.0,0.5,5.72
2025-06-15 00:30:00,20.72589365,80.4,1005.7,1.0,3.64
2025-06-15 00:45:00,21.18197477,89.0,1009.5,0.5,3.7
2025-06-15 01:00:00,20.05517172,81.8,1009.8,0.0,4.53
2025-06-15 01:15:00,20.51158493,75.8,1003.2,0.0,4.92
2025-06-15 01:30:00,20.03403874,76.0,1008.7,0.5,3.0
2025-06-15 01:45:00,20.71095704,79.9,1006.0,0.0,4.37
2025-06-15 02:00:00,20.11210236,72.8,1007.8,0.0,4.2
2025-06-15 02:15:00,21.04553502,74.4,1013.0,0.0,5.6
2025-06-15 02:30:00,21.58981308,82.5,1010.2,0.0,5.52
2025-06-15 02:45:00,20.66443983,93.8,1006.7,0.5,5.72
2025-06-15 03:00:00,22.16111943,84.4,1009.8,0.5,5.53
2025-06-15 03:15:00,20.95376007,80.2,1003.2,4.0,5.36
2025-06-15 03:30:00,20.82330315,76.1,1008.0,0.0,5.58
2025-06-15 03:45:00,20.71740918,74.9,1008.1,0.0,3.52
2025-06-15 04:00:00,21.55269492,86.5,1008.4,0.0,4.02
2025-06-15 04:15:00,20.6244229,91.2,1006.0,0.0,5.05
2025-06-15 04:30:00,22.80753621,80.0,1007.8,0.0,5.77
2025-06-15 04:45:00,20.71577703,83.8,1008.7,0.0,5.0
2025-06-15 05:00:00,22.97890773,87.7,1002.4,0.0,3.62
2025-06-15 05:15:00,21.81535382,71.5,1006.4,0.5,5.83
2025-06-15 05:30:00,21.67095284,78.8,1005.2,0.0,5.28
2025-06-15 05:45:00,21.03809546,88.2,1008.3,0.5,5.15
2025-06-15 06:00:00,22.65539767,87.1,1009.8,0.0,5.29
2025-06-15 06:15:00,21.04500156,71.3,1005.8,0.0,4.98
2025-06-15 06:30:00,22.32093931,75.9,1004.8,0.0,3.07
2025-06-15 06:45:00,22.04587786,87.0,1007.2,0.5,3.76
2025-06-15 07:00:00,21.0665991,76.8,1004.7,0.0,5.87
2025-06-15 07:15:00,21.39796849,90.4,1006.5,0.0,3.87
2025-06-15 07:30:00,20.21842264,70.7,1006.3,0.0,5.31
2025-06-15 07:45:00,20.36746613,74.8,1008.2,0.5,4.27
2025-06-15 08:00:00,20.47511542,77.0,1007.6,0.5,5.72
2025-06-15 08:15:00,21.35908176,93.1,1007.3,0.5,4.67
2025-06-15 08:30:00,22.24088727,89.9,1010.3,0.0,4.9
2025-06-15 08:45:00,22.51887258,92.1,1007.5,0.5,3.72
2025-06-15 09:00:00,21.60139105,81.0,1006.2,0.5,3.17
2025-06-15 09:15:00,23.32255583,90.6,1006.4,0.0,5.27
2025-06-15 09:30:00,23.82881651,91.3,1005.5,0.0,3.2
2025-06-15 09:45:00,22.93996991,80.0,1005.0,0.0,5.17
2025-06-15 10:00:00,25.77932649,94.9,1004.2,0.5,4.67
2025-06-15 10:15:00,24.99776269,91.3,1009.3,0.0,5.46
2025-06-15 10:30:00,26.73567998,94.4,1005.6,0.0,3.62
2025-06-15 10:45:00,26.07991369,91.7,1007.6,0.0,4.62
2025-06-15 11:00:00,27.30879161,89.4,1006.4,0.0,4.84
2025-06-15 11:15:00,27.78148293,93.6,1006.9,0.0,3.22
2025-06-15 11:30:00,28.68886285,80.5,1009.3,1.0,5.22
2025-06-15 11:45:00,28.27630217,89.6,1007.4,0.0,4.17
2025-06-15 12:00:00,28.31928504,75.3,1005.2,0.0,3.39
2025-06-15 12:15:00,30.44884796,88.3,1005.9,0.5,4.16
2025-06-15 12:30:00,29.97253411,89.6,1008.7,2.0,3.29
2025-06-15 12:45:00,30.1378062,87.9,1008.0,1.0,5.66
2025-06-15 13:00:00,30.95309255,91.2,1008.8,0.0,4.37
2025-06-15 13:15:00,31.0398725,80.3,1006.5,0.0,3.41
2025-06-15 13:30:00,31.45529227,83.6,1004.2,0.0,3.76
2025-06-15 13:45:00,31.2151201,70.3,1008.0,0.0,5.17
2025-06-15 14:00:00,30.39674783,73.7,1007.5,0.0,5.36
2025-06-15 14:15:00,30.22581511,86.1,1007.6,0.0,3.12
2025-06-15 14:30:00,28.72535732,84.1,1004.2,0.0,3.18
2025-06-15 14:45:00,30.85360327,74.9,1005.7,2.0,5.75
2025-06-15 15:00:00,28.47029552,76.1,1005.1,0.0,3.99
2025-06-15 15:15:00,29.12898693,78.6,1007.8,0.5,3.58
2025-06-15 15:30:00,27.44628363,87.9,1007.9,0.0,3.37
2025-06-15 15:45:00,28.00582092,85.2,1006.9,0.0,4.43
2025-06-15 16:00:00,26.5989768,71.7,1008.9,0.5,5.31
2025-06-15 16:15:00,27.06693513,89.0,1010.0,2.0,4.56
2025-06-15 16:30:00,24.75965147,76.6,1007.7,1.0,3.06
2025-06-15 16:45:00,26.61472466,86.8,1008.3,0.5,4.45
2025-06-15 17:00:00,26.04428422,73.1,1005.9,0.0,3.93
2025-06-15 17:15:00,24.93294646,94.9,1005.5,0.0,5.05
2025-06-15 17:30:00,24.03053737,72.0,1009.0,0.5,4.57
2025-06-15 17:45:00,25.07979019,88.5,1005.3,0.0,5.9
2025-06-15 18:00:00,25.54649756,83.5,1008.4,0.0,4.79
2025-06-15 18:15:00,24.92892528,72.1,1010.4,0.0,4.9
2025-06-15 18:30:00,25.7853663,70.7,1008.3,0.5,4.56
2025-06-15 18:45:00,24.46122425,79.1,1006.8,0.0,3.93
2025-06-15 19:00:00,25.76597898,90.1,1004.3,0.5,4.89
2025-06-15 19:15:00,27.15694828,71.0,1007.3,0.5,4.0
2025-06-15 19:30:00,26.351717,87.6,1009.0,0.0,5.15
2025-06-15 19:45:00,25.93030989,86.4,1006.6,0.0,3.71
2025-06-15 20:00:00,26.37506878,76.6,1009.0,0.5,4.1
2025-06-15 20:15:00,25.61347208,71.9,1007.7,2.0,4.75
2025-06-15 20:30:00,26.73465416,92.9,1007.6,0.0,4.89
2025-06-15 20:45:00,26.92593062,77.5,1006.4,0.0,5.01
2025-06-15 21:00:00,26.02038229,72.8,1004.1,0.0,5.1
2025-06-15 21:15:00,25.40353112,87.0,1006.1,4.0,3.95
2025-06-15 21:30:00,25.78528843,75.4,1006.1,0.5,5.68
2025-06-15 21:45:00,26.04235277,81.9,1008.2,0.5,3.09
2025-06-15 22:00:00,24.17812253,71.3,1007.0,0.0,3.57
2025-06-15 22:15:00,22.86645198,94.8,1009.2,0.0,3.21
2025-06-15 22:30:00,22.54801534,81.2,1007.6,0.5,5.01
2025-06-15 22:45:00,22.98122869,95.0,1006.0,1.0,3.82
2025-06-15 23:00:00,22.4785042,79.6,1005.4,0.0,3.6
2025-06-15 23:15:00,22.4908479,78.7,1005.8,4.0,4.44
2025-06-15 23:30:00,21.74541209,92.9,1007.3,0.0,4.86
2025-06-15 23:45:00,20.56623818,78.2,1006.3,0.0,4.86
2025-06-16 00:00:00,21.42874271,80.8,1004.8,1.0,4.67
2025-06-16 00:15:00,20.15801946,72.0,1009.0,0.5,5.98
2025-06-16 00:30:00,20.41871734,93.9,1007.3,1.0,5.58
2025-06-16 00:45:00,20.42763109,72.1,1007.5,2.0,3.72
2025-06-16 01:00:00,21.29452,89.3,1005.4,0.0,5.28
2025-06-16 01:15:00,22.61620335,83.5,1004.9,0.0,4.71
2025-06-16 01:30:00,21.21508899,71.5,1006.7,0.5,3.21
2025-06-16 01:45:00,20.70580961,70.0,1002.9,0.0,3.15
2025-06-16 02:00:00,21.77649813,93.4,1008.6,0.5,5.4
2025-06-16 02:15:00,20.50561421,88.6,1005.6,0.0,4.63
2025-06-16 02:30:00,20.37078363,87.2,1006.5,1.0,4.71
2025-06-16 02:45:00,21.27593724,81.0,1007.9,2.0,4.01
2025-06-16 03:00:00,20.79742907,76.0,1006.6,0.5,5.79
2025-06-16 03:15:00,21.30820198,87.0,1004.7,0.5,5.14
2025-06-16 03:30:00,22.11290088,85.2,1010.0,0.0,5.78
2025-06-16 03:45:00,21.6013397,88.2,1003.9,0.0,3.3
2025-06-16 04:00:00,22.59636122,79.1,1002.5,4.0,4.75
2025-06-16 04:15:00,20.1993878,94.7,1008.7,0.5,4.91
2025-06-16 04:30:00,22.75492616,71.7,1004.1,1.0,3.38
2025-06-16 04:45:00,22.09637658,72.0,1009.5,0.0,4.04
2025-06-16 05:00:00,21.07829623,92.9,1007.8,0.0,3.64
2025-06-16 05:15:00,20.57381466,86.2,1007.6,0.5,5.95
2025-06-16 05:30:00,21.29468554,78.2,1005.9,0.5,4.63
2025-06-16 05:45:00,22.73501881,89.0,1005.3,0.0,3.95
2025-06-16 06:00:00,21.38623677,81.3,1006.2,0.0,4.99
2025-06-16 06:15:00,20.77440984,70.5,1005.2,0.0,4.98
2025-06-16 06:30:00,22.23128602,86.3,1009.4,0.0,4.04
2025-06-16 06:45:00,21.97160729,76.1,1005.5,0.0,5.98
2025-06-16 07:00:00,22.57722297,72.9,1008.0,0.0,5.43
2025-06-16 07:15:00,20.7087628,75.6,1009.0,1.0,4.2
2025-06-16 07:30:00,20.81625466,81.9,1005.2,4.0,4.98
2025-06-16 07:45:00,21.63684447,71.2,1007.8,0.0,5.13
2025-06-16 08:00:00,22.21201366,92.1,1005.2,0.0,3.52
2025-06-16 08:15:00,20.89025419,84.0,1006.7,0.0,5.63
2025-06-16 08:30:00,21.56181235,77.3,1006.1,0.5,5.48
2025-06-16 08:45:00,22.37286508,87.2,1005.6,0.0,5.27
2025-06-16 09:00:00,23.37875416,90.1,1007.3,0.0,3.67
2025-06-16 09:15:00,23.53181291,85.3,1004.6,0.0,3.41
2025-06-16 09:30:00,24.4557676,75.1,1008.9,0.0,3.54
2025-06-16 09:45:00,25.20449839,72.8,1004.8,0.0,3.28
2025-06-16 10:00:00,24.62638123,91.5,1004.5,0.0,5.82
2025-06-16 10:15:00,25.23938557,75.9,1006.5,1.0,5.55
2025-06-16 10:30:00,26.78124602,70.5,1006.3,0.5,3.27
2025-06-16 10:45:00,27.55508654,86.1,1007.7,0.0,5.03
2025-06-16 11:00:00,26.83447523,73.8,1007.2,0.0,3.74
2025-06-16 11:15:00,28.06046867,94.8,1003.7,0.0,3.05
2025-06-16 11:30:00,29.18656487,91.7,1009.0,0.0,3.88
2025-06-16 11:45:00,28.11316128,85.2,1006.4,0.5,4.32
2025-06-16 12:00:00,28.85532665,90.8,1007.5,0.0,3.06
2025-06-16 12:15:00,29.88952904,81.8,1011.4,0.0,3.97
2025-06-16 12:30:00,30.62066431,89.7,1009.6,0.0,5.1
2025-06-16 12:45:00,30.21017559,86.2,1007.4,0.0,3.69
2025-06-16 13:00:00,31.28754704,70.7,1004.3,1.0,4.45
2025-06-16 13:15:00,28.89735649,93.7,1004.3,0.5,5.66
2025-06-16 13:30:00,30.78739727,91.5,1009.3,2.0,3.09
2025-06-16 13:45:00,30.82732806,93.8,1006.2,0.5,5.36
2025-06-16 14:00:00,30.06445332,88.3,1006.7,0.0,4.15
2025-06-16 14:15:00,30.26948016,80.3,1004.7,0.0,4.62
2025-06-16 14:30:00,29.78368509,75.2,1007.9,0.5,3.69
2025-06-16 14:45:00,29.69620771,74.5,1009.3,2.0,4.74
2025-06-16 15:00:00,29.33383603,73.6,1010.0,0.0,5.19
2025-06-16 15:15:00,28.39052534,75.5,1006.1,0.0,3.6
2025-06-16 15:30:00,28.26587639,83.8,1008.3,0.0,4.03
2025-06-16 15:45:00,28.32075436,87.1,1006.8,1.0,4.7
2025-06-16 16:00:00,26.11218638,77.9,1008.8,0.5,4.25
2025-06-16 16:15:00,25.47654715,83.7,1007.0,1.0,3.88
2025-06-16 16:30:00,25.90589166,78.5,1005.4,0.0,4.36
2025-06-16 16:45:00,25.58756928,87.4,1009.6,2.0,3.87
2025-06-16 17:00:00,25.71571889,94.7,1007.2,0.0,3.91
2025-06-16 17:15:00,24.75027267,87.2,1006.3,0.0,4.83
2025-06-16 17:30:00,25.66152141,71.5,1007.4,0.0,4.43
2025-06-16 17:45:00,24.3223467,81.9,1005.5,0.0,5.03
2025-06-16 18:00:00,24.29881209,89.3,1007.8,0.0,5.51
2025-06-16 18:15:00,26.46418138,83.6,1006.6,0.0,5.83
2025-06-16 18:30:00,26.12164559,93.8,1005.4,0.5,3.45
2025-06-16 18:45:00,26.71125498,71.4,1011.8,1.0,4.88
2025-06-16 19:00:00,27.17462082,77.3,1005.0,0.0,4.75
2025-06-16 19:15:00,25.39988658,75.5,1007.7,0.0,5.6
2025-06-16 19:30:00,26.24607449,89.2,1007.1,0.0,5.69
2025-06-16 19:45:00,27.33467917,83.1,1004.9,0.0,5.28
2025-06-16 20:00:00,26.3245717,73.5,1006.3,0.5,4.79
2025-06-16 20:15:00,25.99938684,77.1,1004.3,0.5,3.6
2025-06-16 20:30:00,24.04001181,83.1,1011.1,0.0,3.83
2025-06-16 20:45:00,26.20885382,94.9,1006.5,0.0,4.81
2025-06-16 21:00:00,25.54900455,79.1,1006.6,0.0,3.42
2025-06-16 21:15:00,25.45319028,73.9,1010.9,0.0,3.55
2025-06-16 21:30:00,24.87912139,82.4,1005.4,0.0,5.73
2025-06-16 21:45:00,24.21140158,77.8,1009.6,0.0,5.87
2025-06-16 22:00:00,23.44131986,84.1,1008.2,0.0,3.02
2025-06-16 22:15:00,22.136665,81.7,1003.0,2.0,5.59
2025-06-16 22:30:00,22.55067638,87.2,1006.3,0.0,5.81
2025-06-16 22:45:00,22.90719107,92.9,1007.9,0.5,4.58
2025-06-16 23:00:00,22.78497887,75.0,1007.1,0.0,4.35
2025-06-16 23:15:00,21.40637019,90.5,1007.1,0.0,5.76
2025-06-16 23:30:00,21.0314466,93.7,1005.8,0.0,3.02
2025-06-16 23:45:00,20.40531989,79.3,1005.6,0.0,5.52
2025-06-17 00:00:00,22.32949661,72.8,1006.4,0.0,3.89
2025-06-17 00:15:00,20.42301444,90.5,1010.9,0.0,4.92
2025-06-17 00:30:00,20.45590754,87.5,1005.2,0.0,3.97
2025-06-17 00:45:00,21.67533069,75.3,1006.0,0.0,4.57
2025-06-17 01:00:00,20.27546228,81.1,1007.1,0.5,5.42
2025-06-17 01:15:00,20.90573963,84.4,1004.1,0.0,3.54
2025-06-17 01:30:00,21.48738052,74.2,1007.9,0.0,4.99
2025-06-17 01:45:00,22.47844533,87.9,1004.4,0.5,5.7
2025-06-17 02:00:00,22.13391979,87.2,1004.8,0.5,5.7
2025-06-17 02:15:00,21.01756095,92.2,1004.7,1.0,5.68
2025-06-17 02:30:00,20.20286621,84.2,1003.7,0.0,4.56
2025-06-17 02:45:00,20.17966021,84.4,1009.5,0.0,5.3
2025-06-17 03:00:00,21.98269374,85.5,1008.0,1.0,4.34
2025-06-17 03:15:00,21.95614209,76.8,1008.8,0.0,4.38
2025-06-17 03:30:00,22.73176892,89.0,1008.7,0.5,3.85
2025-06-17 03:45:00,21.06509843,86.6,1006.7,0.0,3.86
2025-06-17 04:00:00,21.55813938,91.0,1006.9,0.5,3.11
2025-06-17 04:15:00,22.83233834,89.2,1009.0,1.0,4.59
2025-06-17 04:30:00,20.8016607,86.0,1010.3,0.0,3.93
2025-06-17 04:45:00,21.31954614,74.0,1004.5,0.0,3.56
2025-06-17 05:00:00,20.58526649,93.0,1012.0,4.0,3.37
2025-06-17 05:15:00,21.79427007,79.2,1004.4,0.0,4.04
2025-06-17 05:30:00,22.8035717,94.1,1006.1,0.0,5.7
2025-06-17 05:45:00,21.21861787,80.0,1007.1,2.0,4.55
2025-06-17 06:00:00,22.18310148,73.6,1007.3,0.5,4.67
2025-06-17 06:15:00,22.77284157,92.1,1010.9,0.0,3.16
2025-06-17 06:30:00,21.44495788,89.9,1009.0,0.5,4.56
2025-06-17 06:45:00,20.37999687,89.7,1007.8,0.0,5.0
2025-06-17 07:00:00,20.52205006,72.2,1009.1,0.0,3.45
2025-06-17 07:15:00,20.7423931,92.0,1007.7,0.0,5.95
2025-06-17 07:30:00,21.88976152,84.9,1005.6,0.0,5.75
2025-06-17 07:45:00,21.56444123,81.8,1008.0,0.0,5.98
2025-06-17 08:00:00,22.36820065,92.8,1007.1,0.0,4.08
2025-06-17 08:15:00,21.96926509,86.7,1005.3,0.0,5.47
2025-06-17 08:30:00,23.15709753,73.3,1009.5,0.0,3.99
2025-06-17 08:45:00,24.02238075,83.0,1006.9,0.0,5.25
2025-06-17 09:00:00,23.81730651,85.9,1004.8,0.0,5.84
2025-06-17 09:15:00,24.00526682,92.5,1005.1,0.0,3.47
2025-06-17 09:30:00,25.13262668,77.0,1008.1,0.0,3.42
2025-06-17 09:45:00,24.8877596,89.9,1009.1,0.0,3.31
2025-06-17 10:00:00,25.87464139,90.0,1008.0,0.0,5.4
2025-06-17 10:15:00,26.57136769,73.2,1008.0,0.0,5.0
2025-06-17 10:30:00,26.85203266,70.4,1005.4,1.0,4.57
2025-06-17 10:45:00,27.39501634,84.5,1007.2,0.0,5.32
2025-06-17 11:00:00,28.31587241,89.7,1006.3,2.0,5.55
2025-06-17 11:15:00,28.02138765,83.9,1006.6,4.0,5.85
2025-06-17 11:30:00,28.71972885,90.3,1006.8,0.5,3.6
2025-06-17 11:45:00,29.12950492,85.6,1005.7,0.0,4.33
2025-06-17 12:00:00,29.9489758,86.3,1008.5,0.5,5.77
2025-06-17 12:15:00,30.80487175,70.7,1005.0,1.0,4.38
2025-06-17 12:30:00,31.22545278,72.2,1004.4,0.5,4.46
2025-06-17 12:45:00,31.14243078,88.1,1005.4,0.0,5.83
2025-06-17 13:00:00,30.00261974,89.1,1008.8,0.0,5.2
2025-06-17 13:15:00,31.22739439,83.6,1007.7,0.0,4.66
2025-06-17 13:30:00,30.35375142,84.8,1003.4,0.0,4.07
2025-06-17 13:45:00,31.41424763,85.4,1008.2,0.0,5.75
2025-06-17 14:00:00,29.19141805,72.6,1006.9,0.0,3.03
2025-06-17 14:15:00,29.23194978,86.7,1006.2,0.0,3.96
2025-06-17 14:30:00,28.6325968,82.0,1006.5,0.5,5.84
2025-06-17 14:45:00,28.50927498,85.1,1004.3,0.0,4.49
2025-06-17 15:00:00,27.92120602,84.1,1007.3,0.0,4.87
2025-06-17 15:15:00,27.57204473,89.1,1004.5,0.5,4.6
2025-06-17 15:30:00,26.40766649,78.0,1006.3,0.0,4.19
2025-06-17 15:45:00,25.57654595,79.3,1006.3,0.5,5.0
2025-06-17 16:00:00,26.95639374,79.8,1008.5,0.0,5.3
2025-06-17 16:15:00,25.24783843,89.1,1007.1,0.5,4.09
2025-06-17 16:30:00,25.22302239,80.8,1008.4,0.5,4.77
2025-06-17 16:45:00,25.70210731,74.4,1004.6,0.5,3.25
2025-06-17 17:00:00,24.43607812,94.6,1006.8,0.0,4.64
2025-06-17 17:15:00,25.19708997,82.3,1008.1,1.0,5.24
2025-06-17 17:30:00,25.95881279,72.7,1009.5,0.0,4.76
2025-06-17 17:45:00,25.81791322,86.8,1004.7,0.0,5.64
2025-06-17 18:00:00,26.04242895,88.5,1005.3,0.5,3.86
2025-06-17 18:15:00,26.29476368,82.5,1008.0,0.0,4.48
2025-06-17 18:30:00,24.63614683,86.2,1010.2,0.0,3.26
2025-06-17 18:45:00,25.72831819,74.3,1007.6,0.5,5.1
2025-06-17 19:00:00,26.08097844,79.2,1004.8,0.0,4.33
2025-06-17 19:15:00,26.56236215,74.0,1004.8,0.5,4.59
2025-06-17 19:30:00,26.2112711,79.7,1007.3,0.5,3.39
2025-06-17 19:45:00,25.30936307,84.1,1007.7,0.0,5.99
2025-06-17 20:00:00,25.47767961,81.1,1006.6,0.5,5.32
2025-06-17 20:15:00,25.94109116,84.8,1004.8,0.0,4.2
2025-06-17 20:30:00,26.16755018,82.5,1009.2,0.0,4.71
2025-06-17 20:45:00,24.66398954,77.9,1006.3,0.0,4.86
2025-06-17 21:00:00,25.08253163,73.6,1008.1,0.0,5.88
2025-06-17 21:15:00,23.91524267,76.3,1003.5,0.5,5.31
2025-06-17 21:30:00,24.82566957,75.0,1009.4,4.0,4.05
2025-06-17 21:45:00,23.20251883,87.7,1005.6,0.0,5.93
2025-06-17 22:00:00,22.23274843,90.5,1009.7,0.0,3.91
2025-06-17 22:15:00,22.68502492,88.0,1008.2,0.0,4.73
2025-06-17 22:30:00,22.21141357,86.1,1004.1,0.0,5.1
2025-06-17 22:45:00,20.95834848,77.7,1007.5,0.0,3.81
2025-06-17 23:00:00,21.83721673,87.8,1010.3,2.0,5.87
2025-06-17 23:15:00,20.61835778,85.1,1005.8,0.0,3.65
2025-06-17 23:30:00,20.87134339,71.2,1010.3,0.0,4.33
2025-06-17 23:45:00,21.13489189,92.7,1007.8,0.0,3.54
2025-06-18 00:00:00,20.44215207,72.0,1009.7,0.0,5.62
2025-06-18 00:15:00,20.07276697,82.6,1007.3,0.0,3.66
2025-06-18 00:30:00,21.95588038,82.8,1006.8,2.0,3.1
2025-06-18 00:45:00,20.25237964,90.9,1010.7,0.0,3.12
2025-06-18 01:00:00,22.71261606,92.8,1008.4,0.5,4.24
2025-06-18 01:15:00,20.83394343,93.5,1006.5,0.0,4.57
2025-06-18 01:30:00,20.50987989,84.2,1007.8,0.5,3.12
2025-06-18 01:45:00,22.41378708,87.0,1005.9,0.0,3.28
2025-06-18 02:00:00,22.06570212,72.2,1007.2,0.0,3.29
2025-06-18 02:15:00,20.15165354,82.2,1009.4,0.0,5.01
2025-06-18 02:30:00,22.85986039,92.4,1006.7,0.0,3.9
2025-06-18 02:45:00,21.54997828,81.4,1005.3,2.0,4.69
2025-06-18 03:00:00,22.16833656,71.7,1005.1,0.0,3.22
2025-06-18 03:15:00,20.21780726,75.0,1007.1,0.5,5.68
2025-06-18 03:30:00,20.94762253,80.7,1005.4,2.0,3.91
2025-06-18 03:45:00,20.99341035,75.9,1004.1,0.0,5.33
2025-06-18 04:00:00,22.7123123,79.8,1004.6,1.0,5.48
2025-06-18 04:15:00,21.24401512,78.3,1009.4,0.5,5.96
2025-06-18 04:30:00,20.42566165,78.0,1006.7,0.0,5.22
2025-06-18 04:45:00,20.71409216,72.3,1007.1,1.0,4.33
2025-06-18 05:00:00,21.05289133,92.1,1005.1,0.0,3.46
2025-06-18 05:15:00,22.86835236,87.3,1005.8,0.0,3.14
2025-06-18 05:30:00,20.38549428,85.6,1005.8,0.0,5.66
2025-06-18 05:45:00,21.22984226,85.2,1006.4,1.0,4.34
2025-06-18 06:00:00,22.71826136,79.9,1003.7,0.0,5.25
2025-06-18 06:15:00,20.18979702,90.6,1009.2,4.0,4.49
2025-06-18 06:30:00,21.20250326,93.3,1007.0,0.0,5.64
2025-06-18 06:45:00,20.55157623,70.1,1007.4,0.5,5.25
2025-06-18 07:00:00,21.12440517,72.0,1008.8,0.5,3.26
2025-06-18 07:15:00,20.98966391,86.9,1008.7,2.0,5.26
2025-06-18 07:30:00,22.50725509,75.9,1005.8,0.0,3.8
2025-06-18 07:45:00,22.51406426,92.8,1008.2,0.0,5.32
2025-06-18 08:00:00,23.15583218,86.7,1008.2,1.0,5.85
2025-06-18 08:15:00,23.77456232,79.2,1007.6,4.0,5.79
2025-06-18 08:30:00,23.4966024,80.4,1009.1,0.0,3.38
2025-06-18 08:45:00,22.85776975,87.3,1008.6,0.5,3.16
2025-06-18 09:00:00,24.73254004,73.5,1008.5,0.0,5.33
2025-06-18 09:15:00,24.23445883,92.1,1009.7,0.5,5.13
2025-06-18 09:30:00,25.54882681,70.1,1007.1,0.5,3.53
2025-06-18 09:45:00,25.1522459,94.5,1007.1,0.5,5.05
2025-06-18 10:00:00,26.36762567,74.2,1008.6,0.0,3.05
2025-06-18 10:15:00,26.10527818,88.6,1006.6,0.0,4.89
2025-06-18 10:30:00,26.37088256,71.0,1008.0,0.0,5.5
2025-06-18 10:45:00,28.00265543,80.8,1005.9,0.5,4.93
2025-06-18 11:00:00,28.51990051,85.8,1002.4,2.0,3.2
2025-06-18 11:15:00,28.22084019,71.8,1008.2,0.0,5.97
2025-06-18 11:30:00,29.28013453,81.1,1003.9,0.0,4.07
2025-06-18 11:45:00,29.53671644,77.6,1005.6,0.0,4.14
2025-06-18 12:00:00,30.1175945,82.5,1008.6,0.5,3.25
2025-06-18 12:15:00,30.26659567,82.6,1008.7,0.0,3.5
2025-06-18 12:30:00,30.72934873,89.6,1009.4,0.5,3.81
2025-06-18 12:45:00,29.44704185,73.1,1003.0,0.0,5.4
2025-06-18 13:00:00,31.06082394,72.1,1007.6,0.0,5.08
2025-06-18 13:15:00,30.83147027,80.0,1006.5,2.0,4.75
2025-06-18 13:30:00,30.0756036,92.2,1009.0,1.0,5.59
2025-06-18 13:45:00,29.50888896,91.4,1010.0,0.0,5.99
2025-06-18 14:00:00,28.53406563,84.0,1004.4,0.0,4.15
2025-06-18 14:15:00,29.31040637,92.2,1007.0,2.0,4.17
2025-06-18 14:30:00,28.09227586,90.1,1008.7,0.0,5.21
2025-06-18 14:45:00,28.24056098,76.9,1006.3,1.0,4.93
2025-06-18 15:00:00,26.78419313,74.3,1010.5,0.0,3.04
2025-06-18 15:15:00,27.2230341,77.5,1006.2,1.0,4.97
2025-06-18 15:30:00,24.81003429,75.7,1006.4,0.0,5.16
2025-06-18 15:45:00,26.15450737,85.6,1004.9,0.0,5.96
2025-06-18 16:00:00,24.34199893,84.6,1007.3,0.5,4.76
2025-06-18 16:15:00,25.7624851,85.0,1001.0,0.0,5.05
2025-06-18 16:30:00,25.05797967,74.7,1006.5,0.0,5.37
2025-06-18 16:45:00,25.58005676,89.8,1009.5,0.0,3.29
2025-06-18 17:00:00,27.24717133,80.8,1004.2,0.5,5.2
2025-06-18 17:15:00,25.07249095,81.8,1003.8,0.0,4.64
2025-06-18 17:30:00,25.35125833,94.9,1009.2,0.0,3.3
2025-06-18 17:45:00,25.6633496,77.1,1009.5,0.0,5.01
2025-06-18 18:00:00,25.54944806,79.9,1004.3,0.5,3.7
2025-06-18 18:15:00,26.56720009,86.9,1010.5,2.0,4.61
2025-06-18 18:30:00,25.61904976,92.0,1007.9,0.0,3.84
2025-06-18 18:45:00,26.44148638,73.2,1009.1,0.0,3.31
2025-06-18 19:00:00,25.75506229,88.4,1005.4,0.5,3.75
2025-06-18 19:15:00,25.66826034,93.0,1010.0,0.0,4.32
2025-06-18 19:30:00,26.29652247,80.6,1006.5,0.5,4.48
2025-06-18 19:45:00,27.01895182,77.2,1006.4,0.0,3.45
2025-06-18 20:00:00,25.88840024,86.9,1008.0,0.0,3.96
2025-06-18 20:15:00,26.41043079,76.2,1006.2,0.0,5.58
2025-06-18 20:30:00,25.96685853,79.6,1004.0,0.0,5.73
2025-06-18 20:45:00,24.82914484,92.4,1007.3,0.5,4.61
2025-06-18 21:00:00,24.4354848,84.8,1006.4,0.5,4.47
2025-06-18 21:15:00,22.83552588,72.4,1005.5,0.0,4.74
2025-06-18 21:30:00,23.1851967,78.2,1009.5,0.5,3.64
2025-06-18 21:45:00,22.90195364,85.7,1011.8,0.0,5.98
2025-06-18 22:00:00,21.75583872,82.0,1005.2,0.5,5.24
2025-06-18 22:15:00,22.80390998,86.5,1007.4,0.0,3.72
2025-06-18 22:30:00,21.84257381,89.0,1006.2,0.0,3.82
2025-06-18 22:45:00,20.55110649,82.0,1011.6,2.0,4.95
2025-06-18 23:00:00,20.98277094,94.7,1008.0,0.0,3.97
2025-06-18 23:15:00,21.41687035,92.9,1008.9,0.5,4.07
2025-06-18 23:30:00,21.30706118,71.5,1009.4,1.0,5.34
2025-06-18 23:45:00,20.40542315,76.7,1007.3,0.5,3.8
2025-06-19 00:00:00,22.78632764,77.5,1006.6,0.0,5.12
